article_id	title	description	feature_meta
S1		オゥパラディのローズは、精油のバラの香りが好きなら是非試していただきたいフレグランスです♪ダマスクローズの優雅な芳香が、トップからラストまでふんわりと続きます。レモンやマンダリンがトップに使われていますが、尖った酸味は感じられず心地よい爽やかさがあります。柑橘使いが上手いからか、バラの生花を彷彿とさせるナチュラルな香りが楽しめます♪時間が経つとバラのつぼみを思わせる、どこか可憐で優しい香りに…。ミドルのジャスミンやラストのパチョリが品の良さを与えてくれているので、年令問わず自然にまとえますよ！	
S2		ベルガモットが持つアロマティックな柑橘帳の香りがお好みなら、シトロンの香水がおすすめ！爽やかながらふわっと柔らかい香り立ちなので、男女どちらが付けてもしっくりとハマります♪トップはレモン調の苦味や酸味がメインなので、ややメンズライクな雰囲気。ですがこうした刺激はすぐに落ち着いてきて、徐々に甘さのある柑橘感が目立つようになっていきます。ライトな香りなので付け直しもしやすく、使用シーンを選びません。すっきりとしたイヤミの無い香りなので、オフィスや学校での使用も○。真夏はもちろん、湿気が気になる梅雨の時期でも気兼ねなく使えますよ！	
S3		季節もシーンも選ばず、どこでも使いやすい香りとして大人気の香り「フルール」。その名の通り、程よく甘く爽やかなお花の香りが楽しめる、フローラルノートのフレグランスです♪華やかな甘さの中に落ち着きや程よい苦味があるネロリや、気品溢れるジャスミンがメインの香り。ここに柑橘のすっきり爽やかなアクセントが加わった、誰からも愛される優しい匂いを楽しめます。フルールは「エクラ・ドゥ・アルページュをもっと優しく自然にした感じの香り」としても話題になりました。エクラ・ドゥ・アルページュと言えばモテ香水として名高い定番フレグランス。フルールが人気なのも納得です！	
S4		「サボン」もフルールと同じく、日本人の嗅覚にぴったり合う非常に人気の香り。その名の通り入浴剤や石鹸を彷彿とさせるシャボン系で、清潔感＆好感度抜群のフレグランスです！そのためメンズも使いやすく、ギフトにもぴったり♪トップはラベンダー、レモンの優しく爽やかな香りから始まります。徐々にジャスミンの華やかさも出てきますが、あくまで優しい石鹸系のフローラル。よくあるシャボン系フレグランスと比べると、かなり柔らかめの香り立ちです。ラストのバニラが入っているため、くどくはないのですがほんのりとした甘さが感じられます。これがどこか懐かしくホッとするような優しさを添えていて非常に素敵。付けた人に、親しみやすく誠実な印象を与えてくれそうです。	
S5		甘酸っぱく可憐なイチゴの香りが楽しめる「フレーズ」は、付けているだけで幸せになれそうな大人かわいいフレグランス♪イチゴの香りが好きだけど、これまでなかなか理想のイチゴ香水が見つからなかった…と言う方に、ぜひ試してみてほしい1本です！フレーズはかき氷のいちごシロップやキャンディとは一線を画した、フレッシュ＆リアル寄りなイチゴジャムの香り。グレープフルーツやパッションフルーツの芳香・酸味が程よい爽やかさを加えているので、甘ったるくなりすぎません。ラストに向けて複雑さ・落ち着きを増していくので、大人でも意外と使いやすい香りです♪	
S6		シトロンよりもユニセックスさが強い柑橘帳のフレグランスなら、オムがおすすめ。マンダリンのフレッシュな柑橘感にウッディが合わさった、落ち着きある大人の香りです。トップはマンダリンとネロリ。程よい苦味も感じられる、リフレッシュ感のある香調です。シダーやサイプレス、サンダルウッドと言ったウッディが徐々に目立ってきて、まるで森の中でゆったり日光浴しているかのような心地よさを感じることができます♪徐々に石鹸のような香りに落ち着いていくのも、清潔感があって素敵。爽やかな香りは、気合を入れたいオフィスシーンの使用におすすめです。	
S7		オスマンサスは、金木犀の香りが楽しめるフレグランス。秋限定の香りで、入手できる時期が限られているのに根強いファンが多い香水です♪金木犀の香りの香水には素朴な印象のものが多いですが、AUX PARADISのオスマンサスは大人寄り。ペッパーがトップにくるのですっきりしますし、イランイランやジャスミンが使われているため程よい色気もあります。ふわっと柔らかい芳香が続くので、普段あまり香水を使わないと言う方にも人気。「子供がこの香りが大好きで、ママの匂いはこれじゃないとイヤ！と言うんです…」と言うカワイイ声も♥	
S8		AUX PARADISが出している石鹸系の香りの中でも、ダントツで爽やかなのがこのピュア。サボンの甘さが苦手と言う方に勧めたい、爽快感＆清潔感に溢れたフレグランスです。トップはベルガモット・マンダリンと言うとびきり爽やかな香り。ミドル以降もナツメグやレッドペッパーと言った、メンズライクな香料が並びます。ラストに向かうにつれムスクがどんどん強くなっていって、まさに「石鹸」の香りに…。非常にナチュラルな香りなので、真っ白なシャツやラフな普段着にしっくり馴染みます。	
S9		夏限定のジューシー＆フレッシュなフレグランス「グレープフルーツ」。コロン感覚で使える、ライトで心地よい香水です♪グレープフルーツらしい酸味やすっきり感、苦味が上手く表現されているのですが、時間が経つとAUX PARADISらしい優しい甘さや落ち着きが出てくる部分も素敵。女性らしい柑橘の香りが楽しめる、非常に人気のフレグランスです！レモンやマンダリン、オレンジなども使われているため、グレープフルーツ単品と言うよりはグレープフルーツメインの柑橘系フレグランスと言った雰囲気。リフレッシュしたい時に付けたい香りです。	
S10		フレーズよりももっと大人っぽいベリーを探している方にぜひ使っていただきたい、冬季限定の香り「ウィンターベリー」！ベリーらしい甘酸っぱさはきちんとあるため、可愛らしさも感じられるのですが、奥行きのある構成で子供っぽくなりません。ベリーと言ってもふわりと柔らかい甘さがメイン。またイランイランが入っているため、ほんのり色っぽさが感じられます。また、ベチバーやシダーがスパイス的に効いていて、大人っぽいニュアンスを添えてくれます♪フルーティー系香水が好きな方にとても人気で、店舗での売り切れも早め。デート用の香りとして愛用する方も多い、モテ系フレグランスです♪	
S11		徐々に暖かくなってくる春先にぴったりの、春限定フレグランス「スプリングガーデン」。こちらの香りも限定ながら毎年人気で、自宅用と持ち歩き用のサイズ違いを揃えている愛用者も多いんだとか。春の庭と言うことでフローラル主体の香りかと思いきや、AUX PARADIS（オゥパラディ）らしい柑橘調の爽やかさがちらり。ヒヤシンスやフリージア、桜などのお花の香料もふんだんに使われていますが、柚子のリラックス感ある香りがこれらを絶妙にまとめてくれています♥フルールよりさらに柔らかく優しい香りなので、周囲からの印象も◎ですよ♪	
S12		シャネルのチャンスオータンドゥルはモテ香水として、COLORIAで常にトップ人気を誇るフルーティーフローラルのフレグランスです。トップからミドルノートにかけて香るフレッシュなグレープフルーツと、とろけるように甘いクインス（花梨）、そして華やかさと爽やかさを併せ持つジャスミン＆ヒヤシンスが、爽やかな甘さを振りまきます。非常に可愛く女の子らしい印象があるフレグランスですが、ラストに向けてホワイトムスクやアイリスのパウダリーさが目立ってきて、シャネルらしい色気とエレガントさが際立ちます。モテ香水としてはもちろんのこと、自分の気分を上げる香水としても効果抜群◎つけるだけでいい女になれちゃいます♪	
S13		クロエの一番人気香水の​クロエ オードパルファムは、ローズを主体としたフローラルど真ん中のフレグランスで、甘く華やかながらどこか懐かしい香りが魅力！トップはフリージアのパウダリーさとピオニーの可愛らしさから始まります。徐々にライチの芳香や甘いローズが目立ってきて、そこにムスクやアンバーが合わさることでバラの石鹸のような印象に。石鹸らしさがかなり長く続くため、ボディソープや柔軟剤の香りが好きな方にぴったりです。温かみがあるフレグランスなので、秋冬に上品につけると、優しく家庭的な印象の女性を演出できてモテること間違いなし♡	
S14		ディオールのブルーミングブーケは、その名の通り両手いっぱいにブーケをもらったときのようなハッピー感あふれるフローラルフレグランス！ピオニー・ローズ・ジャスミンと主役級のお花がたっぷり使われていますが、トップノートが柑橘系なのでフレッシュさもあります。甘すぎないフローラルは「女の子らしいいい香り」として老若男女問わず人気。最強モテる香水として、2019年に大人気を博しました。ここは絶対ハズしたくない！と言う時の勝負アイテムとしてもおすすめです。フレッシュ＆フローラル系の香りが、清楚で可憐なあなたを表現してくれます♡	
S15		今や世界中の人に愛されているロングセラー香水エタニティ。カルバンクライン氏が、自身の結婚をきっかけに作ったと言われる1本です。トップに使われているフリージア、そしてミドルノートの贅沢な花々の香りがなんともロマンティック。上品ながらほどよくセクシーでまさに品のある大人の女性のいい匂いと言った感じです。濃厚なオードパルファンなので、ほんの少しをウエストや膝裏に付けるだけで十分香ります。大人の女性にぴったりの、オフィスにもデートにも使えそうなフレグランスです。高貴なフローラル系の香りが、品のある色気を醸し出してくれます♡	
S16		「結婚して！」と言うド直球なネーミングがチャーミングな、ランバンのマリーミー。恋を呼ぶ香水として名高いフレグランスは、とびきりハッピーな香調が印象的です。フレッシュなビターオレンジや甘くみずみずしいピーチでハートを掴み、上質なジャスミンやローズのほのかな匂いでちょっぴり官能的な世界へと誘う…。そんな女性の多面的な魅力を余すことなく表現した1本は、意中の男性を振り向かせたい時にぴったりです♥オレンジやピーチのフルティな香りは、あどけい少女のような可愛らしさも感じさせてくれます。	
S17		プチサンボンは世界初のベビー用香水として発表されただけあって、老若男女問わず誰からも愛されそうな香りです。爽やかなシトラスと、ホワイトフローラル、ムスクをベースにしたフレグランスはまさにシャボン！嫌味なくとても自然でライトな香りなので、香水を付けづらいオフィスでの使用も可能。社内やキャンパスに気になる人がいる方にぜひ使ってみてほしいオードトワレです。トップノートはミントやシトラスがさわやかに香るのでリフレッシュもできそう♡メンズが好きな香りNo.1とされるシャンプーや石鹸の匂いを彷彿とさせる、清潔感いっぱいの1本です。	
S18		可憐なボトルデザインそのままの、透明感あふれる香りが魅力のクリスタルブルーム スノー。かなりパウダリー寄りなので冬場向けですが、寒い日のお出かけに使えば可愛らしさを演出できそうです。本品の大きな魅力は、スイートピーやミュゲが奏でる甘く儚げな香り。男性に「守ってあげたい」と思わせたい…そんな時にぴったりの香水です。フローラル系の優しい香りが、可憐な女の子らしいあなたを表現してくれます♡	
S19		ジェニファー・ロペスがプロデュースしたシャワー後の石鹸の香りの香水です。石鹸系香水の代表にジバンシィのプチサンボンがありますが、グロウ バイ ジェイローはもっとセクシーな印象。トップは華やかな香りで始まりますが、ミドルノート以降のしっとり…けれども清潔感のある香り立ちがなんとも魅力的です。ふとした時にこの香りがすれば思わず「ドキリ」としてしまいそう。年齢問わず使いやすい、「抱きしめたい」と思わせるフレグランスです。香水が苦手な人にも使いやすい、優しくていい匂いの香調も魅力です。石鹸の香りの中に上品さも感じされる香りなので、大人の女性を演出してくれます！	
S20		モテる女性はだいたい持ってるのでは！？と思わされるほど人気のキレイなお姉さんの香り、それがエクラ・ドゥ・アルページュ。爽やかさと甘さが絶妙なバランスの、上品な定番フローラルです。すっきり爽やかなトップから、優しく・丸く・気品あふれるミドルノート、そしてラストに残るほんのり温かみのある色っぽい香りまでもう完璧。男性のみならず、ありとあらゆる人に愛されそうなフレグランスです。万人ウケする香りの良さと指輪がかけられているようなボトルデザインから「運命の人を引き寄せる・結婚を引き寄せる香水」としても名高い1本。さわやかで優しく、温かみを感じる香りなのでシーンを問わず使うことができます♡	
S21		「週末のお散歩」をイメージした、優しく朗らかな印象のウィークエンド。果樹園やお花畑を彷彿とさせる香りは、自分だけでなく周囲の人までリラックス＆ほんわかハッピーにしてくれそうです。トップは爽やかめですが、ミドル～ラストは柔らかな甘さに変化。そばにいてほしい女性を演出するのにぴったりのモテる香水です。この香水は温度が高い方がナチュラルなお花の優しい香りが出やすいので、温かい場所での塗布、もしくは塗布後に手のひらで少し暖めてから外出するのがおすすめ。二人きりでのデートの時にも、意中の人が来る飲み会にも、さり気なくつけていけるフレグランスです。やさしいフローラルな香りが、柔らかい印象を与えてくれるはず！	
S22		ホワイトリリー オードパルファンは、リリー(ユリ)とジャスミンがほのかに香る、ホワイトフローラルベースのパウダリーな香水です。オードパルファムですが、香り立ちは軽く、香水とは思えないほどふわっと香ります。しかし、オードパルファムだけあって、香りの持続時間は5～6時間と長め。ライトな香りなので付けすぎてしまう心配もなく、香り持ちの調整もしやすいのが魅力ですね。甘さも控えめで、トップからラストまでさっぱりとした清潔感のあるホワイトリリーは、グルマン系のような甘さが苦手な方からもファンが多いようです。この、「清潔感のある香り」と「控えめな香り立ち」が、女性だけではなくメンズからも好かれる秘訣のようです。デートやおでかけの前に一吹きしてモテ香水を身にまとっちゃいましょう♡	
S23		ホワイトリリー オードパルファンのノートは「フローラル」。ユリ特有の華やかなお花の香りに、ほんのりジャスミンの香りを感じる香調です。さっぱりしていながらも、お花の柔らかさを感じるので、どちらかというと女性的な香り。	
S24		サボン オードパルファンのノートはシンプルな「石鹸の香り」。固形石けんを連想させるような、爽やかな香調です。トップからラストまで甘さがなく、お風呂上がりのような清潔感のある香りなので、男女を問わずつけられます。	
S25		ホワイトリリー オードパルファンのノートは、ホワイトフローラル。使用している香料も「リリー」と「ジャスミン」の2つのみと、かなりシンプルながら、白ユリ(ホワイトリリー)の香りを表現しています。トップはユリ特有の濃厚な花の香りからはじまり、ミドルからラストにかけてジャスミンがほんのり香り、みずみずしくも柔らかい香調です。シンプルなノートなので、トップからラストにかけての香りの変化はそれほどありませんが、つけたてとラストでは少し印象が変わります。	
S26		まずJO MALONE人気香水ランキング10位は、気品溢れるのになんともセクシーなチューベローズ アンジェリカ コロン インテンス！月下香の和名と「白い花の女王」と言う別名を持つチューベローズは、ジャスミンの青さを省きどこまでもまろやかにしたような甘い芳香を持ちます。この魅惑的な甘さにスパイシーなアンジェリカを少し足すことで、一度嗅いだら忘れられなくなりそうな印象的な香りに。ベースノートはアンバーウッドのため、温かみのある色気も楽しめます。そのため季節は冬がぴったりです！	
S27		JO MALONE人気香水ランキング9位は、ウッドセージ＆シーソルト コロン！名前の印象とは裏腹にどこか懐かしく温かい香り立ちが魅力の1本。海 辺の高級リゾート地を思わせる、透明感と清潔感のある香りが楽しめるフレグランスです。フローラルやフルーティなどの甘さがないぶん、意外なくらい使いやすい点が大きな魅力。ユニセックスタイプなので、パートナーとお揃いで付けるのもオシャレです。こちらのフレグランス最大の魅力は、さまざまなコンバイニングに使える点。組み合わせる香りに心地よい温かみと落ち着きを加えてくれるので、季節は秋や冬がぴったりです！オフィスでもリラックスしたい時でも使うことができます。単品なら主張しすぎず使いやすい香水に、コンバイニングに使えば優秀な相方にと活用範囲が広い点が人気の秘密かも。ラストに向けてどんどん石鹸のような香りに近付いていくのも好印象です。	
S28		JO MALONE人気香水ランキング8位は、レッドローズ コロンです。フレッシュなバラの香りを楽しみたい、ローズのアロマオイルが好きという方にぴったりなフレグランスです。数多くあるローズの香水の中でも、レッドローズはフレッシュな花の香りが楽しめます。バラの花の香りにみずみずしいレモンやハニーが混ざって、優雅で清らかなアロマノートを感じられます。また、7種類ものバラが使われているので、切りたてのバラの花のブーケのような1本です。明るい印象の生花の香りなので、春や夏にもぴったりです。おすすめシーンは、勝負したいデートやバラの香りに癒やされたい休日。エレガントな香りにうっとりするような香水です。	
S29		JO MALONE人気香水ランキング7位は、ピオニー＆ブラッシュスエード コロン！優美で落ち着いた大人の女性の香りがお好みならぴったりな香りです。甘酸っぱいりんごのトップから始まり、ピンクの華やかな花を咲かせるピオニーや高貴なジャスミン、ローズの香りへ。香りが華やかなので、季節は春がぴったりです！とびきりフェミニンな構成ですが、ラストにスエードが据えられているため深みもあり程よく色っぽいです。大人の女性がいつもとは違うエレガントなファッションをする日にこちらを付ければ、上品ながらどこかチャーミングな印象を添えることができてとても魅力的です。	
S30		JO MALONE人気香水ランキング6位は、オレンジブロッサム コロン！付けるだけでハッピーになれそうなフレッシュな香りのフレグランスです。オレンジの花と、クレメンタインフラワーと言う華やかな香りの花がメイン。オレンジの皮を思わせる少しの苦味・爽やかさと、幸せいっぱいのお花の香りが楽しめます。メインの香調はフローラルノートで、少しジャスミンのような甘さもあり。白い花束にフレッシュな柑橘系の香りを合わせたような香り立ちです。モデルや女優として活躍する岡本あずささんが愛用しているそうです！フレッシュ感と上品さが同時に楽しめる香りなので、真夏はもちろんのこと寒い時期でも浮かずに使えます。少し疲れた時にシュッと一吹きしても癒やされます。ルームスプレー代わりに使えば、気持ちが前向きになりそうです！（クッションなどに使う時は変色に気をつけてくださいね）	
S31		JO MALONE人気香水ランキング5位は、ネクタリン ブロッサム ＆ ハニー コロン！名前の通り女の子らしい香りが楽しめる、桃好きにはもってこいの香水です。おすすめシーンは、甘い香りをまといたい休日。季節はフレッシュな桃の香りがぴったりな春や夏におすすめです。大人っぽい香りが多いJO MALONEの中でも、可愛らしい女の子が楽しめる1本です。10代～20代の方にもおすすめです。	
S32		JO MALONE人気香水ランキング4位は、ブラックベリー＆ベイ コロン！名前だけ聞くと、いかにも女の子向けの甘酸っぱい香りをイメージするかもしれませんが、実際に嗅いでみるとその予想を見事に打ち砕かれます。ベリーらしいジューシーさや酸味も感じられますが、ベイリーフ（月桂樹）の方が強いためかな～りグリーンな香りです。グレープフルーツのような苦味も感じられて、いつまでも嗅いでいたいほどの気持ちよさ…。おすすめシーンは、暑い時期のレジャー。爽やかな香りがリフレッシュさせてくれます。甘い香水が苦手な人にもおすすめです。いつもの服装がぐっとスタイリッシュなイメージに♪JO MALONEらしい個性が香る香水です。	
S33		JO MALONE人気香水ランキング3位は、アールグレー ＆ キューカンバー！どんなシーンも邪魔しないような、上品で優しい香りが魅力なJO MALONEの代表的な香水です。ベルガモットのシトラスノートによって高級アールグレイの茶葉の香りに、アクセントとして加えられた柑橘系のキューカンバーによって淹れたての紅茶の香りへと変化します。ほのかに甘い香りもあり、温かさや上品さを感じられます。遊び心と洗練性に溢れた心地良い香りが楽しめます♪おすすめシーンは、日常やオフィスはもちろん、休日の落ち着きたいときです。季節は春、夏がぴったりです！紅茶好きの方にはぜひおすすめしたいフレグランスです。	
S34		JO MALONE人気香水ランキング2位は、ジャスミンの生花のような甘くエキゾチックな香りを楽しめる、ジャスミン サンバック＆マリーゴールド コロン インテンス！マリーゴールドのみずみずしいトップに始まり、どんどん甘く魅惑的に変化していく、ジャスミン好きにとってはたまらないフレグランスです。ベースノートにベンゾインが使われているため、時間が経つとよりリッチで濃厚な香りになっていきます♥アラビアンナイトを思わせる、甘く魅惑的なジャスミンフレグランスがなんともドラマティック。おすすめシーンは、寒い時期の夜のデート♡ この香りを忍ばせれば、貴女をぐっと魅力的に見せてくれることでしょう。また、寝香水として胸元や手首に付ける使い方もおすすめ。お花の香りに包まれながらのお休みは、安眠効果バツグンです♪	
S35		JO MALONE人気香水ランキング堂々の1位を勝ち取ったのは、イングリッシュペアー＆フリージア コロン！みずみずしい洋梨とふわりと優しい香り立ちが魅力のフリージアを合わせた、品の良いフレグランスです。パチョリやウッドで落ち着きを加えているため、フルーティーなのに男性でも使えるほどすっきりでライトな香り立ち。香水に慣れていない方からも、上級者からも「爽やかすぎる」「どんなシーンも選ばずにつけられる香り」など多数の口コミがあるほど大人気です。嫌味のない香りなので、おすすめシーンはオフィス・デート・レジャーなどでフル活用できます♪季節は春、夏にぴったりです！熟した洋 梨の甘い香りは、フレッシュながらどこか官能的。オフィスカジュアルな装いに合わせると、清潔感と女性らしさがバランス良く強調されてとっても素敵です。老若男女問わず愛されるフレグランスなので、モテ系香水としても人気ですよ♥初めてジョー マローンの香水を使う方には、まずはこの香水がおすすめです！	
S36		ウッディ系香水は、「クールでセクシーなイメージ」や「ミステリアスさ」、「包み込むような安心感」 を与えたい方、「甘い香りが苦手」 な方におすすめです。可憐な乙女というよりは「余裕のある大人の女性」を思わせる香りがしますよね。その理由は、ウッディ系の持つ「樹木」の香りによるもの。大きな森に凛と佇む知的で自立した女性 という印象を与えるからなんです。男性の場合は自然の壮大さと男性のワイルドさが相まって力強い印象を与えます。	
S37		クロエは甘めで可愛らしい女性が身につけるイメージの強いブランド。その中でもクロエ ノマドは、凛とした印象を与える爽やかさがメインとなった、他の香水とは一味違う仕上がりになっています。トップノートはライチが香るため、フレッシュなイメージもありますが、だんだんとウッディ系・グリーン系の香りに変わっていきます。クロエはもともと甘い香りが多いため、少し違った香りとはいえ、甘さが他のウッディ系香水よりは目立つかもしれません。いままで、甘めの香水をメインにしていた方が、ウッディ系に挑戦してみたい場合におすすめです。	
S38		イソップのヒュイルは、甘みがなくスパイシーさが目立つウッディ系の香水です。ミドルノートでウッディ系香水でも使われることの多いサイプレスの香りがし、最後にモスなどの香りへと移り変わります。ヒュイルは似たような香りの香水が少ないため、一度気に入ったらずっと使い続けるという人が多い香水かもしれません。また、フローラルやシトラス、ムスクやバニラのように、THE・香水という印象が少ないため、香水を普段から付けない方にも人気があるようです。ウッディ系香水初挑戦という人はもちろん、香水らしさの少ないアイテムでさりげなく香らせたいという人にもおすすめ♥	
S39		ジョーマローンのブロンズウッド＆レザーインテンスは、ユニセックス香水ではありますが、男性的な香りのするアイテムです。ウッドの香りもレザーの香りも、がっつりと切れ味があるため、クールな印象を与えます。ビジネスシーンでも使えそうな香りです。女性がつける場合は、甘さがないので、他の香水と重ね付けするのもアリ！シトラスにブロンズウッドにレザーと、シンプルな香りなので、手持ちの香水と重ねてみて、好みの香りを作ってみてはいかがでしょうか。	
S40		イソップのタシットは、先に紹介したヒュイルよりも万人ウケする香りがします。ヒュイルにはない、甘さがあるからでしょうか。ミドルノートのバジルがタシットの甘さのポイントのようです。シトラス系の香り、ウッディ系の香りが好きな人は、タシットの香りがふんわり香ると「いい匂いがする」と反応してしまうかもしれません。清潔感があり、ウッディ系ならではのどっしりと地に足を付けた安心感もあるため、男女問わず使いやすいでしょう。	
S41		ベチバーやシダーウッドがミステリアスでエキゾチックな印象を与えるシャネルのエゴイストプラチナム。シャネルにはエゴイストという名前の香水がありますが、プラチナムよりも甘く重みのある香水なので、違った印象を持つかもしれません。エゴイストはバニラの香りがあるため、重さもあり、香りも強めです。エゴイストやエゴイストプラチナムは、もともとメンズ香水として販売されていたのですが、どちらも女性人気が高く、ユニセックス香水として人気が出ているほど。男女問わず「いい匂い」と思う香りなんです。気軽にウッディ系香水を楽しみたい方は、つけたときにフレッシュさがあり、スパイシーさが残るエゴイストプラチナムの方がオススメです♥ぜひ、使ってみてくださいね。	
S42		シトラスでフローラルウッディの香りが際立つオード アディクション！！トップノートにレモンの清々しい印象と苦くも甘いカシスの香りで大人の女性を演出してくれる香水上級者向けの香水になっています！ミドルノートにはゼラニウムとジュニパーベリーをほのかに香るローズの香りで包んでくれて落ち着いた女性の印象を与えていくれます！ラストノートにシダーウッド、ドライウッド、モスとTHEウッディの香りで落ち着いていきます！つけた後は少し癖がある印象ですが、次第にゼラニウムとローズの香りが広がってきて癖になること間違いありません！	
S43		アジアの庭園をテーマに製作されたエルメスの「庭シリーズ」。香水の文化が根付いていないアジア圏をターゲットにしていることもあり、優しい香り立ちが特徴です。「ナイルの壮大で豊かな自然」にインスピレーションを受けたナイルの庭は、グレープフルーツとマンゴーが軽やかに香るフルーティウッディノート。好き嫌いも分かれにくく、COLORIAユニセックスランキングでも上位を獲得しています。グレープフルーツとマンゴーにロータスフラワーが混ざり合った、みずみずしくも爽やかなトップ、ミドルではイグサとシカモアウッドがリラックスできるグリーンノートへ、ラストはウッディノートが心落ち着く香りを演出します。トップ～ラストまでライトな印象なので、オフィスやスポーツ時にも合わせられる香水です！	
S44		学生から大人まで幅広く利用者がいるのが、ドルチェ&ガッバーナ ライトブルー！爽やかなシトラス系の香りからシダーウッドの香りへ移り変わるのが特徴です。シダーウッドの香りよりもムスクの甘みのある香りが少し目立つ印象なので、ウッディ系の香水初心者にも使いやすいのがポイント♥また、ホワイトローズの香りもあるため、女性らしさもあります。ユニセックス香水ではありますが、女性ウケが良いため、男性人気が高い香水という噂も…！カップルや夫婦で香りを揃えてもいいですし、プレゼント用にも使いやすい1本です♪	
S45		フェロモン系香水といえばラブコスメの リビドーロゼ といっても過言ではありません！女性人気No.1のフェロモン香水です。主にオスモフェリンが含まれているため、甘い花の香りの誘惑が男性を引き付けること間違いなし。まずは、トップのフルーティーベリーの甘酸っぱい香りに包まれます。やがてミドルからラストにかけてジャスミンとイランイランの官能的な香りがほのかに際立ってきます。持続性があまりないため、意中の男性に会う前にシュッとひと吹きしましょう♡イランイランの刺激的な香りはそこまで強くないので、安心して年齢問わず活用できます。	
S46		セントネーションズの ジュテームH は究極のモテ香水と言われています。ポイントとしてオスモフェリンが配合されているので、異性を官能的にさせる効果があります。まずはひと吹きすると、カシスやピーチがフルーティーに香り、可愛らしい印象を与えます。次第にミドルのジャスミンの芳しいフローラルノートが広がり、官能的な雰囲気を醸し出します。やがてラストはムスクの香りが加わり、女性らしい優雅な香りへと変化します。そのため、大人の色気を出したいけど自信がない・・・という女性にはぴったりです♪	
S47		スピニングの ディープスイートラブ は恋する女性のための伝説のミステリアスモテ香水と言われています。楽天のランキングでも13冠を達成するほどの人気っぷりです。まずはトップのカシスやラズベリーの甘酸っぱい香りが女の子らしさを表現します。そしてミドルのブラックバカラローズとジャスミンとイランイランの贅沢使い♪ブラックバカラローズは古代アラビア時代から男性が引き付けられると言われていた恋のバラです♡その香りに官能的なジャスミンとイランイランが混ざり合い、究極の魅惑的な香りへと変化します。ラストはムスク、アンバーが優しく包んでくれるので、甘く洗練された香りを残します。そのため、ミステリアスな大人の女性を目指したい方にぴったりです。また、香りの持続性がいいので、デートに出かける前につけるのがおすすめです。	
S48		ディオールの名香「プワゾン」シリーズのひとつヒプノティックプワゾンは、フェロモン系モテ香水の代表格！バニラやアーモンド、サンダルウッドの濃厚な甘さに、ジャスミン・ローズ・チュベローズなどの高貴な花々を合わせたこの上なくラグジュアリーで官能的なオードトワレです。一応トップ－ミドル－ラストの3部構成ではありますが、付けた瞬間から全ての香料が渾然一体となって全身を包むような不思議な香り方が魅力。付けすぎると間違いなく香害になる難しい香水ですが、そのぶんシチュエーション・付け方を上手に選んだ時のフェロモン効果はバツグンです。ふとした時に立ち上る重厚で華やかな甘さに思わずクラリと来てしまいそう。この香りに絡め取られてしまったが最後、あとは眠るように甘い毒に溺れるだけ…。そんな妖しい魔力を感じる香水です。使用するなら夜のデートにおすすめ！！ほんの一滴つけるだけで、刺激的で強烈な効果で彼を魅了させることでしょう。ヒプノティックプワゾンが気になったらこちらもチェックしてみて！	
S49		上品ですっきりしているのにこの上なくセンシュアル…そんな落ち着いた女性の色気を表現した香りが、ガブリエルシャネルです。年齢・シーン問わず活用できます。そのため男受けも抜群です。…と言ってもそこはやっぱりシャネル。グレープフルーツやマンダリンの爽やかさのあと、徐々にジャスミンやイランイランの甘く官能的な香りが表に出てきます。ここにピンクペッパーのスパイシーさ、そしてサンダルウッドの落ち着きあるセクシーさが乗ってきて、奥ゆかしいのになんとも魅力的な香りになるのです。スタンダード。なのにセクシー。そんな現代らしいフェロモン系香水のガブリエルシャネルは、持っておいて損はない1本です。ガブリエルシャネルが気になったらこちらもチェックしてみて！	
S50		トップの可愛らしさとラストのセクシーさのコントラストが強烈な、イブ サンローランの肉食女子向けフェロモンモテ香水と言われているモン パリ。COLORIAの中でも常に上位にランクインするくらい愛用されています。イブ サンローランと言えばかつて「最強モテ香水」として人気を博したベビードールがありましたが、モン・パリもベースはベビードールのような可愛く可憐な香調です。トップはラズベリーやイチゴ、ペアーが織りなす甘酸っぱいフルーティーノート。とびきりキュートな香りから始まります。が、時間が経つにつれ気品あふれるジャスミンやピオニーなどの花々が目立ってきて、大人の甘さへ変化していきます！ラストにパチョリが使われているせいか、ただ甘いだけではなくスパイシーさも感じられてとってもセクシー！一度嗅いでみれば「この香りは男受けバツグンだな」と納得するはず！！クラブや合コン時にぴったりな、ハズさないフェロモン系香水です♡今日は勝負の日！！って時におすすめ！！	
S51		グッチのブランドイメージそのままの、ハンサム・上品・それでいてセクシーな香り グッチ ギルティ。トップノートにピンクペッパーとマンダリン、ミドルにピーチ、ラストにアンバーと言う構成で、他のフェロモン系フレグランスと比べるとかなりクールだと感じるかもしれません。ですが、清潔感・爽やかさ・上品さをベースにした香りの奥に感じるフルーツの甘さやアンバーの温かみがものすごく色っぽい…。この香りを好む人はきっといい女・いい男なんだろうなと思わされる香水です。基本はスタンダードな香りなので、オンオフ問わず使える点も魅力。普段使いできる香水の良さは、意中の相手に「コレはあの人の香りだ」と印象付けられる点にあります。ギルティの香りをデイリーフレグランスにすれば、「カッコいいのになんとも言えない色気もある女性」と言うイメージを残せそうです。ボトルデザインと香りの印象がぴったりマッチしているのも魅力。白いシャツやブラウスに合わせると素敵です！	
S52		サルヴァトーレ・フェラガモの シニョリーナ　ミステリオーサ は、イタリアらしいドルチェの甘さをテーマにした魅惑的なモテる香り。オリエンタルフルーティーと言うことで甘く濃厚…けれどちょっぴり捻りもあるので、一度嗅いだら記憶に残るフレグランスです。ブラックベリーやネロリのすっきりした甘さのあとに、華やかなチュベローズ、官能的なパチョリ、濃密なブラックヴァニラムースの甘やかさが続きます。美味しそうなグルマン系の香りは、下半身にほんのちょびっと付けるだけで効果は抜群！貴女の小悪魔的な魅力を光らせてくれそう。夜遊び時のちょっぴり個性的なフェロモン系香水にいかがでしょう？少しハーバルな趣もあるので、意外と幅広い年齢の女性にマッチしますよ♥	
S53		男女兼用とは言え、どちらかと言うと男性向けと思われがちな ブルガリ ブラック 。タバコの葉やレザーのような渋い香りはメンズっぽさを連想させますが、実は女性用としてもとってもオシャレでセクシーなフェロモン系フレグランスです！落ち着きのあるブラックティー、オークモスやシダーのドライなスパイシーさに甘く焦がしたようなバニラの香り…これらのコントラストが強烈で、ここぞと言う時の夜のフレグランスにぴったり。鎖骨が覗くニットやレザーのタイトスカートなどと合わせると、格好良いのに色っぽい女性を演出することができます。体温が上がると甘さがふわっと立ってくる点も素敵。メンズライクな格好や普段着より、女性のセクシーさを程よく強調した装いの方が良い感じにマッチします。また、恋人とお揃いで付けられるのもユニセックスフレグランスの魅力の一つ。香水は人によって香り方が少しずつ変わってくるので、お互いの匂いの違いを体験してみるのも楽しいですよ♥	
S54		日本生まれのオーガニックコスメブランド、AUX PARADIS(オゥパラディ)。全7種類+期間限定4種類ある香水の中でも、1番人気なのが、石けんの香りが特徴の「Savon」(サボン)です。パウダリー系の香水というと、甘さのあるものや、高級石けんのような香りなど…数え切れないほどたくさんありますが、AUX PARADISのSavonは、甘みのないシンプルな石けんの香調。洗いざらしのシーツのようなさっぱりとした香りは性別、年齢問わず好まれる香りです。香り立ちは控えめのオードパルファムなので、付け直しは必須。ほんのり香るので、強い香りが苦手な方や、寝る前にもつけられます。AUX PARADISの中では、Fleur、Osmanthus、Rose、Hommeとの相性が抜群です。	
S55		自分らしく、アクティブに生きる現代女性のために誕生した「212」。石けんのようなパウダリーベースにフローラルやサンダルウッドが絡み合い、ほんのり甘みのある清潔な香りです。女性向けですが、中性的な雰囲気なのでつける人を選びません。トップノートはベルガモットがエッジを強く感じさせますが、すぐにフローラルに包まれたムスクが馴染み、都会的な香りに変化します。香り立ちは強めなので、ワンプッシュでOK。夕方までしっかり残りますよ。コンセプトの通り、仕事ができる人をイメージさせるような香りなので、ビジネスシーンにもおすすめです。つけるだけで、いつもより仕事がはかどりそう。持ち歩きたくなるようなスタイリッシュなボトルも素敵です。	
S56		ギリシャ語で、イチジクの友を意味する「PHILOSYKOS」(フィロシコス)。トップは土や草のを思い起こすような、自然の青さや渋み、そのあとすぐイチジクのミルキーな甘みが顔を出します。甘みのある香調は女性的ですが、PHILOSYKOSは男性がつけるとほんのりセクシーな印象に。カップルでシェアする使い方もおすすめです。シーズンの雰囲気は秋冬。とはいえ、甘さがしつこくないので夏に使っても違和感はありません。オールシーズンつけられますよ。控えめにそっとつければ、食事の席につけてもおしゃれ。センスを感じさせる香りに、DIPTYQUE(ディプティック)ならではのシンプルでコロンとしたボトルが素敵です。	
S57		CLEANの香水はユニセックスなものが多いのですが、中でも1番支持を集めているのが、温かみのあるパウダリーなWARM COTTON。CLASSICシリーズのWARM COTTONに、リリーやベチバー、ベンゾインなど、香りに深みをもたせる香料を加えたことで、爽やかだけどセクシーな香調になりました。トップはフレッシュに、ミドルからラストにかけて、リリーの華やかさとムスクが、まるで包み込まれているかのような安心感のある心地よさを与えます。環境に優しい香料を使用しているため、ボトルはシンプル。こだわりが効いたリザーブシリーズは、木目調のキャップが素敵ですね。インテリアとしても置いておきたくなるようなデザインです。	
S58		アジアをテーマにしたエルメスの「庭シリーズ」。全6種類ある香水の中でも、男女問わず人気なのが、爽やかなフローラルな香調の「ナイルの庭」。ナイルの河口にインスパイアされ、「川の流れと共に」をテーマにして製作された、安らぎのある香りです。マンゴーや蓮の花などのフレッシュなトップから、シカモアウッドとイグサが癒しを与えるグリーンノートに。ラストはイノセンスとシクラメンウッドが温かみのある香りを演出します。庭シリーズは全て、優しい香り立ちのオードトワレです。湿度が高いアジアでは、ヨーロッパの香水では強く感じてしまいますが、ほどよく香るオードトワレは日本の気候にもぴったり。梅雨時期でも爽やかに香ります。	
S59		ブルガリのメンズフレグランスといえば、丸いボトルが印象的なオムニアシリーズと並び、ブルガリプールオムも人気が高い香水です。つけたてはベルガモットやラベンダーがキリッとしていますが、時間とともにパウダリーなムスクがしっとりと残ります。紅茶やベルガモットが入っているので、豊かな”ティー”の香りとも例えられます。ムスクもしっかりと香るので、ムスクの香りが好きな方にもおすすめです。ブルガリプール”オム”はその名の通りメンズフレグランス。スーツに似合う香りということから、オフィスやビジネスシーンにぴったりです。香り立ちが柔らかいので、女性からの人気も高く、中には「推しがつけている」ということで愛用している方も多いよう。	
S60		あまりポピュラーではありませんが、知る人ぞ知るMaison Margiela(メゾンマルジェラ)の、レプリカシリーズはどの香りも魅力的。中でも黒いラベルの、「REPLICA Flying」は柑橘がベースのさっぱりとしていながらも遊び心のある香調です。つけたてはベルガモットやオレンジの爽やかな香りが目立ちますが、ミドルにはイランイランやネロリの花が深みを加え、ラストはムスクやモス(苔)がフォーマルな印象を与えます。ウィメンズでもメンズでもなく、最初からユニセックス用フレグランスとして登場しており、性別も年齢も選ばない、ジェンダーレスな香水です。「ファンタジーや夢の世界、未知の世界へと誘う」というストーリーもあり、新たな香水を求めている方におすすめです。	
S61		個性的な香りが多いJo Maloneから販売している「BLACKBERRY & BAY」(ブラックベリー＆ベイ)は、ほどよい甘さが心地よい、大人のためのベリーフレグランスです。使用している香料は、ブラックベリー・ベイリーフ(月桂樹)・シダーウッドの3種類と、Jo Maloneらしいシンプルな組み合わせ。少ないながらも複雑さを感じるのは本当に不思議です。トップからラストにかけて新鮮なブラックベリーが甘さを残し、ミドルからは青々しいベイリーフとシダーウッドが香りに絶妙な深みを加えていきます。木々や葉の香りが入ることで、ベリーでも子どもっぽい印象を受けず、大人にぴったりな果実の香調になります。	
S62		シャネルメンズフレグランスの中では常にトップの「エゴイストプラチナム」。メンズ用としておくだけではもったいないくらい中性的な香りです。最初はラベンダーやローズマリーのグリーンノート、直後にセージやゼラニウムが香りに華やかさを出し、最後にはシダーウッドやラブダナムが深みを加え、セクシーな印象を与えます。エゴイストプラチナムにはムスクが入っていないのですが、肌に馴染むと不思議とムスクのような香りが漂い、そこに色気を感じるみたい。深みを持ちながらも軽い香り立ちなので、つける場所も選びません。オフィスでも、プライベートやデートにつけても、相手に印象を残すような魅力的な香調には思わずクラクラしてしまいます。	
S63		オリエンタルな香りがお好きなら、Aesop(イソップ)の「Marrakech Intense」(マラケッシュインテンス)がおすすめ。使用している香料も面白く、最初と最後では違った印象を残します。つけたてはベルガモットがエッジを効かし、ミドルからは少し遅れてカルダモンやクローブなどのスパイスがほんのり漂います。特徴的なスパイスの香りは、ネロリやジャスミンがそっと包み込むので、スパイスはあまり気になりません。香りのアクセントや、引き立てる役割です。最後にはシダーウッドとサンダルウッドのウッディが全てをまとめるように温かく香ります。複雑な香調ですが、意外と好き嫌いの分かれにくい香りでもあります。プレゼントとしてもおすすめです。	
S64		ふんわりと優しいフローラルの香りは、女性らしい優雅で華やかな気分にさせてくれます。フローラルの香りにはローズ、ジャスミン、ミューゲ、チュベローズなどたくさんの花々の香りにつつまれるフローラルブーケ（花束）タイプと、ローズのみと言った一つのお花の香りを意識したシングルフローラルの2種類のタイプがあります。ブーケタイプは結婚式やパーティーの華やかなシーンに、シングルタイプは日常使いからデート、友人とのショッピングなど様々なシーンで使えます。柔らかい女性的な香りで可憐な印象を残してみましょう。	
S65		言わずと知れたフローラルブーケタイプの名香です。発売されたのは、1930年とずいぶん昔ですが今でもそのパッと明るくゴージャスな香りは多くの女性の支持を得ています。天然香料を贅沢に使用したエレガントな香りは、結婚式やパーティーなど特別な日にまとうのをおすすめします。ロマンチックなローズ、セクシーなチュベローズ（月下香）、エギゾチックなイランイランで始まる華やかなトップ、ボリューミーなジャスミンとパウダリーなアイリスが交わるミドル、そしてムスクやウッディのセクシーでマイルドな香りが広がるラスト。豪華な花々の響宴を心から楽しめる香りです。	
S66		"満開の花々を意味する“Bloom""。その名の通り、花々が咲き誇る美しい楽園に迷い込んだ様な気分を味わえる香りです。濃厚なチュベローズとジャスミン、南インドが原産地のラングーンクリーパーが美しいホワイトフローラルの香りを放ちます。ラングーンクリーパーは、開花すると白、ピンク、レッドと花の色が変化する不思議な花で、香水に使用されるのは今回が初めてとのこと。ラストはほんのりバニラの香りが広がり、やわらかくフェミニンな印象に。陶器のようなベビーピンクのレトロなボトルもインテリアとして存在感を放ってくれそうですね。"	
S67		インパクトのある名前が印象的なドソン。Diptyqueの創業者の一人、イヴ・クロエンがベトナムで過ごした幼少期に着想を得て作られた香りです。フランスの統治下だった歴史を持つベトナムは、東洋とフランスの文化が融合した独自の美意識が町に漂っています。その町の雰囲気を表したかの様なドソンの香りは、チュベローズが主役です。オレンジの葉やピンクペッパーのさっぱりと刺激的な香りと共に、こってりとクリーミーなチュベローズの香りが何とも魅力的です。実は、セクシーな花の香りとして有名なチュベローズ。デートや気になる人にアプローチしたい時は、ドソンがあなたの魅力を一層引き出してくれるでしょう♪	
S68		レモン、グレープフルーツ、ベルガモットにライチなど柑橘類の香りはリフレッシュしたい時におすすめです。オンオフの切り替えに使ったり、休日のリラックスタイムが安らぐ手助けをしてくれるでしょう。さっぱりと爽やかな香りはクセがなく、男女ともに好感度の高い香りなのでオフィス使いにもおすすめです。初夏から本格的な夏のシーズンには、まさにぴったりのフレグランスですね！朝の目覚めや、外出前につけると気持ちよく１日をスタートできます。	
S69		つけた瞬間まさにハッピーな気分になれる、明るいシトラスのフレグランスです。ベルガモット、オレンジ、グレープフルーツ、プラムなどたくさんの柑橘系果物が弾けるトップは、レフレッシュしたい時にぴったり。アップルやプラムの香りが瑞々しさを与えつつ、ミドルに香りが移るとローズ、フリージア、すずらんのフローラルノートに癒されます。シトラスとフローラルの香りをたっぷりと堪能したら、ハワイアンウェディングフラワーを中心にトロピカルなラストに癒されます。発売から20年以上経った現在でも、トップセールスを誇るハッピー。清楚ですっきりとしたシトラスとフローラルの香りは、季節やTPOを問わずオールラウンダーとして活躍してくれます。	
S70		ユニセックスフレグランスの先駆者的存在のCK ONE。1994年にアメリカで発売されると瞬く間に人気フレグランスの仲間入りを果たしました。その理由は、年齢や性別を問わず誰からも好かれる清潔感あふれるさわやかな香りにあります。ナチュラルでピュアな香りが印象的なこのフレグランスは、ベルガモット、オレンジ、レモンのシトラスノートにラベンダーやカルダモンのハーバルノートがアクセントとなったトップから始まります。ミドルになるとグリーンティーのどこか落ち着く香りとローズやヴァイオレットのフラワリーな要素がほんのりと香り、最後はムスクを中心に石鹸の様なパウダリーな香りが広がります。日常使いにはもちろん、オフィスでも使用可能な男女共に使える香りです。	
S71		イタリアやスペインなど地中海の陽気な南国をイメージするグレープフルーツの香り。着けた瞬間、この上なくさっぱりと弾ける様なグレープフルーツの香りが全面に広がります。仕事を終えて友人とディナーに行く前、ゆっくり読書や掃除をしてお家でのオフを満喫したい時など、気分を切り替えたい時にぴったりです。ミドルノートは、少しスパイシーなハーバルノートのローズマリーと清涼感たっぷりのミント、ピリリと刺激のあるピメント（唐辛子）の香りが楽しいアクセントになっています。土の香りが落ち着くパチュリとオークモスの苔の香りでラストは癒されましょう。気分転換に一つはもっておきたい香りですね。	
S72		古代エジプトでは、クレオパトラがローズの香油を全身に塗り男性をした誘惑したそうです。そんなセクシーさや妖艶な雰囲気を醸し出したい時、オリエンタルタイプが最適な香りと言えるでしょう。名前の響きから、どこかエギゾチックな雰囲気がしますね。その名の通り、このタイプはヨーロッパから見た魅惑的で情熱的な東洋をイメージして作られた香りです。バニラやバルサム（樹脂）の甘い香りに、シナモンやペッパーのスパイス、白檀などのウッディ、ジャスミンやイランイランの花々、そしてアンバーと言った深みを与える香りがブレンドされています。濃密でどこかミステリアスな香りは、一度手にしたら病みつきに。仕事終わりのデートや恋人と過ごす時にまとうと、思わず相手がドキッとすること間違いなしです。	
S73		名前やボトルがオリエンタルのイメージにぴったりなフレグランスです。それもそのはず、シャリマーは世界で初めてオリエンタルタイプを謳った香りなのです。サンスクリット語で「愛の宮殿」を意味するこちらの香りは、東洋の情熱と官能的な要素を持つ、神秘的でセクシーな仕上がりになっており今でも本場フランスの女性たちを中心に世界中の女性に愛されています。シトラスノートとシダーウッドのウッディが混ざり合う灼熱の太陽を思わせるトップから、アイリスやジャスミン、パチュリのビターかつパウダリーなミドルが続き、ラストはバニラの甘さに酔いしれながら、白檀やインセンスがアジアの寺院を彷彿させるラストを迎えます。名香として名高いシャリマー。ぜひその魅力にたっぷりと浸ってみましょう。	
S74		フランス語で「阿片」を意味する衝撃的なネーミングのフレグランスです。センセーショナルな登場を果たしたオピウムは、その名前とブラックコーヒーを大胆に用いた香りで発売当初からインパクトのある香りとして人気があります。オレンジブロッサムと洋ナシのフルーティーノートにスパイシーなピンクペッパーが加わったエネルギッシュなトップノートからこの香りの個性が放たれます。クリーミーなアーモンド、リコリスとジャスミンが交わるエギゾチックなミドルはオリエンタルの雰囲気を醸し出し、ラストは甘いバニラとビターなブラックコーヒーが全体に漂います。何重にもひねりを加えて計算された香りは、一筋縄ではいかない、ドラマチックな雰囲気を演出してくれます。ルーティーンから抜け出したい時、、ナイトパーティーなど心躍る非日常なイベントにぜひまとってみたいですね。	
S75		ヒプノティックとは、フランス語で「催眠」を意味しポワゾンと加えると「催眠をもたらす毒」になります。オピウムに続いて衝撃的なネーミングですね！この辺りからも、ヨーロッパからみた東洋がいかにセクシーで魅力にあふれていたかを物語っています。オリエンタルタイプの中でもこってりと甘いフローラルの香りが特徴的なこちら。アプリコットやココナッツの南国を思わせる甘いフルーツの香りのトップ、こってりと甘いチュベローズ、ジャスミン、ローズのフローラルが絡み合う妖艶なミドルに魅了されます。さわやかさと甘さを兼ねたスパイスのキャラウェイがいいアクセントに。お香の様な白檀とコクのあるアーモンドのラストが病みつきになるフレグランスです。	
S76		フラワータイプのキュートで可憐な香りに比べ、落ち着いた大人の女性の雰囲気を持つ香りをシプレタイプと呼びます。フローラル、シトラスなど名前からイメージしやすいタイプと違ってシプレは説明が必要ですね。この名前は、地中海の東に浮かぶキプロス島に由来します。昔から香料がたくさん採れた島でもあり、今でも隠れリゾート地として人気の場所です。そんなキプロス島をイメージして19世紀に作られた香水の名前がシプレでした。ローズ、ジャスミン、ベルガモットにオークモスと言う苔の香りをブレンドしたエレガントで上品な香りは、たちまち当時のマダム達を虜にしました。格式高い香りなので、パーティーやホテルでの食事会にお呼ばれした時、クラシックコンサートや着物を装う時などにおすすめです。	
S77		1975年に発売されたオリジナルフレグランスをモダンにアレンジしたクロエの代表的な香りです。深く重厚感のあった香りは、よりライトに改良され現代の女性たちが気軽に楽しみる香りに変身しました。ピオニー、ライチ、フリージアの華やかなトップからローズ、マグノリア、スズランのミドルがフェミニンな女性らしさを演出します。明るく透明感あふれるフローラルの香りは、凛とした大人の女性にぴったりです。ラストはシプレを象徴するアンバーが広がり、奥行のあるクラシカルな香りがエレガント。友人とのお出かけやデートにはもちろん、シプレの中でも比較的使いやすい香りです。シプレ入門として一つは持っておきたいですね。	
S78		モダンなシプレのクロエに続き、次は古典的なシプレをご紹介します。香水ブランドの中でも常にトップに君臨するゲランのミツコです。日本人女性の名前が題されたこちらの香りは、今でもシプレのお手本として人気があります。ジャスミン、ローズにビターでさわやかなベルガモットが加わったトップは品のある落ち着きを帯びた香り。甘くパウダリーなライラックにトロピカルなピーチ、妖艶なイランイランのミドルは明るくチャーミングな印象です。ラストは、温かく穏やかなウッディ、アンバー、オークモスが広がります。香りの持続性も長く、全体的に大人の余裕が漂うまさにシプレを代表する香りです。結婚式やパーティーに出席する時、また意外かもしれませんが着物との相性もよく、クラシカルな雰囲気の演出にぴったりです。	
S79		フランス語で「強情っぱり」を意味するグレのカボシャール。ブランドの創始者であるマダムグレは、控えめな人柄とは真逆の強い信念を持った情熱的な女性だったと言われています。自身の名を冠したファッションブランド「グレ」を誕生させ、ナチスの支配下にあった当時のフランスで、フランス国旗を全面に使ったファッションショーを行いました。カボシャールはそんな彼女の芯の強さが反映されている香りでもあります。レモンのさわやかさとグリーンノートが交わりながらスパイシーノートがアクセントになったトップ。イランイラン、ローズ、ジャスミンのフラワーブーケに力強い青葉の香りが複雑に絡むミドル。ラストは、レザーやタバコの香りがインパクトを与えます。我が道を行く大人の女性のふさわしい風格のある香りです。	
S80		個性的な香りで周りと差を付けるなら、あえて男性用フレグランスを身にまとうのはいかがでしょうか。普段はフローラルやシプレの香りでエレガントで柔らかいフェミニンな要素を強調しつつ、時に変化球として男性用フレグランスでマスキュリンでモダンな自分を表現すると周りもきっと驚くはず。人とは違う、我が道を行くかっこいい自分を演出したい時に付けてみましょう。男性用フレグランスはフゼアタイプと言い、ラベンダーやローズマリーのハーバルな香りとベルガモットを中心に爽やさと同時に力強さが漂います。この香りを基本に、レザー、ウッディ、シトラスなど様々なアレンジを加えたタイプがあります。	
S81		基本のフゼアの香りにウッディノートをアクセントにした香りです。1972年に発売されてから今もなお男性用香水として世界中で人気のあるフレグランスです。ローズマリー、クラリセージのハーバルな香りが朝の目覚めを気持ちよくフレッシュにしてくれます。さわやかさと落ち着きを感じるグリーンノートがクリーミーなローズウッドと合わさり、リラックス効果の高いラベンダー、そして青みの強さがさわやかなゼラニウムの香りがミドルに続きます。杏仁豆腐の様な独自の甘さをもつクマリンと、わずかなハチミツの香りをヒントに、ラストはアンバーやムスクが香る深みのあるマスキュリンな展開に。仕事モード全開の時や、いつもとは違うパンツスタイル、ライダースやジーンズをかっこよく着こなしたい時におすすめです。	
S82		ブルガリはジュエリーブランドでありながら、フレグランス部門も人気が高いブランドです。その中でもオリジナルのブルガリ・プールオムは発売当初から人気に火がついた名香として名高いフレグランスです。2006年に新たな解釈をして誕生したのが、こちらのソワール。夜を意味するこのネーミングとブラックのボトルからマスキュリンな雰囲気が漂いますね。日本でも人気の高いお茶の香りは、ダージリンが選ばれておりベルガモットと共にアロマティックな香りですっきりとした印象に。ミドルはナチュラルなウッディノートで落ち着きを感じ、ラストはムスクとアンバーで奥行のあるマイルドな香りに。ナチュラルだけど、どこか洗練された大人の余裕を感じるフレグランスです。周りとの差をつけたい時にまとってみたいですね。	
S83		はつらつとしたフレッシュなグリーンノートが、ボタニカルな要素を感じるナチュラルなフレグランスです。シトラスとローズマリー、ラベンダーのアロマが南国パラグアイ産のプチグレンと交わるトップは、さわやかさに満ちた香り。そんなナチュラルな香りが肌に馴染んできたら、セージとガルバナムのグリーンノートがミドルに現れます。ジャスミンやゼラニウムのフローラルな香りがふんわりと顔を出しながら、白檀、アーシーなベチバーで全体を引き締めるクールな香りのラストに。生命力に満ちた力強さと華やかせを併せ持つ香りです。春から夏のシーズンにまとうイメージですが、オフィスや普段使いにも相性の良いフレグランスです。	
S84		イギリス・ロンドン中心部を舞台に、街のエネルギーを香りで多彩に表現しているバーバリー（BURBERRY）のアイコニックなフレグランス「バーバリー ハー オードパルファム」。オリジナルのこの香りに、弾けるような輝きを加えたフローラル フルーティ調の新作「バーバリー ハー ロンドン ドリーム」が仲間入り。香りは熟したレモンやフレッシュジンジャーをブレンドしたトップノートからスタート。ロマンティックな雰囲気をピオニーやローズアコードのハートノートがもたらし、ラストをムスクが締めくくる。霧がかったロンドンの日常に生き生きとした美しさや自由をもたらす、そんな晴れやかな気分にさせる。モダンでありながらもロマンチックな夢のようなひと時を、香りで見事に表現している。	
S85		レモン シトラス調の「オランジェ ソレイヤ」は、豊かな歴史と自然にあふれたイタリアのシチリア島からインスパイア。香りは、明るい気分にさせるオレンジに上品なベルガモットなどが包み込むフレッシュなトップノートから幕開け。次いで、力強く香るブラッドオレンジとカシスなど甘酸っぱさが広がり、温かみのあるトンカビーンやウッドノートでラストを締めくくる。	
S86		「グラナダ サルヴィア」は、スペイン南部のアンダルシア地方のグラナダの庭園をイメージしたフルーティ シトラス調。カシスにヒノキなどがブレンドされた爽やかなトップノートから、真っ赤なザクロとその甘さを引き立てるセージをブレンドしたハートノートへと移行。ラストに向かってパチュリが奥深さを与え、ホワイトムスクが優しい余韻を残し、エレガントに纏められている。	
S87		一番手はその可愛らしさで女性に大人気のブランド、JILL STUARTから。果実や花々をぎゅっと絞ったような、ジューシーな香りがふんわり立ち上るオーデコロン。トップノートを占めるフルーティさは快活な印象を与えながら、ブーケが醸し出す女性らしさをそっとサポート。気品ある女性らしさを保ちつつも、少女のような無邪気さを残しておきたい大学生（方）におすすめです。フローラル系の嫌味のない優しい香りがふんわりと香ります。フルーティさも感じられる香りは夏にぴったり！可愛いボトルデザインなので、贈り物としても華があって喜ばれること間違いなし。さすがJILL！という感じです！	
S88		ピュアな初恋の甘酸っぱい思い出を閉じ込めた、というキャッチコピーの通り、甘く爽やかなのにどこか切なくて、胸を満たしてくれる香りのオーデコロン。香りが強すぎないので、初心者の方にもぴったり。女性の大半に人気のフルーティフローラルな香水ですが、ラストノートのウッド・アンバーが女性らしい落ち着きを演出します。可愛らしいけれども、柔らかな優しさを醸し出したい大学生におすすめ。名前の通り本当に桜のエキスが配合されており、和美人っぽさを演出できます♡優しさとほんのり控えめな甘さが香るので、普段使いもしやすいです！	
S89		年齢に関係なく、ずっと使いたい香水が欲しいならこれ。上品に香るロマンティックフローラルは、重厚感がありながらもくどくなく、時代に左右されない女性らしさを感じさせます。爽やかなシトラス系のトップノートに、スズランやホワイトリリーは西洋風でカジュアルな雰囲気。大人らしさをサポートするのがアンバーやサンダルウッドのほんのりと重い香りです。シンプルで引き締まった女性を思わせるので、他の女性と一線を画したい大学生におすすめです。また、甘い香りが苦手な方もつけやすいフローラル系の上品な香りです。年代を問わず、どんなファッションにも合わせやすい香りなので、長年の愛用者も多いです。	
S90		太陽がさんさんと降り注ぐ昼と、開放感あふれる忘れられない夜をイメージした、魅惑的な香り。フルーティフローラル調でありながらも、時が経つにつれ香るグリーンな香水が、あなたを只者じゃない何かに仕上げてくれます。トップノートは爽やかなレモンや青りんごの香りですが、ミドルノートでふんわりと出てくる洗練された女性らしさのグリーン系、ラストノートのほんのりセクシーなアニマリック系の香り。心の奥底に眠るもう一人の自分を引き上げて、勇気を出したい時におすすめです。甘くなく、さわやかな香りは柔らかで落ち着いた印象を与えてくれます。ユニセックスなので、彼と香りをシェアしても楽しめます♡	
S91		ボトルを見ているだけでわくわくしてくる、乙女の五感を的確に打ち抜く人気のニナリッチ。その見た目の通り、まるでキャンディのような甘やかで軽やかな香水は、無邪気な可愛らしい少女の雰囲気を作り出します。トップノートはレモン・キャンディを模した爽やかで馴染み深い香り。その為、後のストロベリー・キャンディライクなミドルノートの甘さはくどくなく、印象に残る可愛さだけを演出します。ラストノートには、少女らしい世界を引き立てる大人びたホワイトムスク。誰よりも可愛らしくいたい！そんな大学生におすすめです。はじけるような甘い香りで、嫌味のない無邪気な可愛らしさを演出してくれます。置いてるだけで可愛いデザインに気分も上がること間違いなし♡	
S92		世界で最も純粋で美しいのは、水。そのイメージをフレグランスに昇華させ、今までに無いほどの清らかさとピュアな雰囲気を醸し出す香水です。最初から最後まで、透明感溢れる女性像を一挙に演出してくれます。トップ～ミドルノートには、シンプルで高貴な花々の香りを詰め、落ち着きあるウッディでありながらも、女性らしさが色濃く残るラストノートで締める香調は、一度嗅いだら忘れられない人になりたい大学生におすすめのアイテムです。また、シトラスの爽やかな香りとその後のウッディの香りが優しく、男女共にウケが良さそう。落ち着いた大人っぽさも演出できる香りです。	
S93		ロンドン発・香りの有名ブランドであるジョー・マローン。彼らを代表する香水がこのバジル＆ネロリです。柔らかくフローラルでありながらも、バジルという独特のフレッシュさが、お洒落に敏感で楽しいイメージを作り上げます。想像よりもシトラス寄りで、かなり夏らしい雰囲気です。トップ・ミドルノートには快活でパンチの効いた香りを。ですがラストノートのホワイトムスクがパウダリーで上品な余韻を残すため、刺々しくなく嫌味のない、個性的な香調に仕上がっています。沢山の人で溢れる大学生活、一風変わった印象を残したい大学生におすすめです。	
S94		グレープフルーツの爽やかさと、ティーの重みがありながらも上品なハーモニーがシンプルだからこそ心地よく、まるで深窓の令嬢のよう。ちょっと気分転換をしたい時に身にまとうのもOK。シトラス系をメインとしたユニセックスな香りなので、大切な男性とも一緒に使えます♡初めての香水で、気負わず毎日使いたい大学生におすすめです。甘すぎない女の子らしさや気品、清潔感を感じられる言わば’綺麗なお姉さん’の香りです。SHIROのオードパルファム自体、優しくふんわり香るので日常使いもしやすいです。男受けが半端ないとの噂も...♡	
S95		いつまでも若々しく、魅力的な世界的歌手であるジェニファー・ロペスがプロデュースした香水。変わらぬ彼女の美しさを象徴するような、無垢で華やかな香りが人々をひきつけてやみません。爽やかなシトラス系のトップノートから、濃艶なイメージを醸し出すアンバー・サンダルウッドと女性らしいローズへの移り変わりは、思わずどきっとしてしまいます。ラストノートは甘く濃厚なエキゾティック調が香り、一筋縄ではいかない女性をイメージ。ちょっと背伸びをしたい、勝負をしたい大学生におすすめの香水です♪甘すぎずさわやかで、これは本当に万人ウケする香りです♡そのため、長年の愛用者も多い一方で、人とあまり被らないアイテムです。清潔感と仄かなセンシュアルさが融合して、大人っぽさも演出してくれます。	
S96		女性なら誰しもが憧れるであろう、人気のクリスチャン・ディオール。その肩書にふさわしい、みずみずしい輝きと溢れんばかりの幸福感が詰め込まれた香水です。幸せの象徴であるピオニーと高貴さを表すローズの濃密な花の香りに、繊細なパウダリー系が合わせられた香調が、あなたをワンランク上の女性に仕上げてくれます♪爽やかなベルガモットが気取らない雰囲気を作り出してから、隙を突くような女性らしい香り。ですがむせ返ることない上品さを醸し出すムスクで締められる香調は、可憐にきらめく女性像を作りたい大学生におすすめです。名前の通り、咲き誇る花束を抱きかかえたような、幸せ溢れる香りです。甘く柔らかで人肌恋しい冬にぴったりです！	
S97		スズランの香水といえば、まず最初に、Diorの「ディオリッシモ」が思い浮かびます。ディオリッシモには、Dior(ディオール)のissimo(フランス語で最上級)という意味があり、「永遠の女性」をテーマに製作されました。かつて、イギリス王室のダイアナ妃も愛用していた香水です。「草原に咲くスズラン」をイメージして調香したディオリッシモは、付けたてはトップからスズランのお花を直接嗅いでいるような、やや青みのあるフレッシュな香りが広がります。最初はやや好き嫌いが分かれやすい香りではありますが、時間が経つにつれ、イランイランやジャスミンの豊かな香りが華やかに顔を出し、すっきりした芳醇なお花の香りがしっとり残ります。オードトワレということで香り立ちも軽く、強い香りが苦手な方や、寝る時に寝香水としても使える香水です。	
S98		miu miuの香水はローブルーや、ローロゼなど、スズランをメインとして香水が多いのですが、ここではMIU MIU初の香水であり、定番のミュウミュウ オードパルファムをご紹介いたします。付けたては、ほのかな酸味と爽やかさのあるリリーオブザバレー、しばらくすると、パウダリーなジャスミンと、ドッグローズが重なり、グリーンノートへ変化していきます。ラストにはパチョリから採れるアキガラウッドのウッディでほんのりスパイシーな香りがミステリアスな雰囲気を残す香調です。キュートなボトルから想像がつかないほど、奥深い個性的なユニセックスな香り。オードパルファムですが、香り立ちは穏やかで甘くなく軽いため、夏にぴったりな香りです。	
S99		ジョーマローンの「アンバー＆ラベンダー コロン」は、香水ファンにこそぜひ使っていただきたいエレガント&高級感あふれるフレグランス。ラベンダーの爽やかなハーバルノートと深く重みのあるアンバーが絶妙にマッチした、ブリティッシュブランドらしい洗練された香りが楽しめます。ラベンダー&ミント&プチグレンが精油の香りに非常に近いため、シュッと吹き付けると目が覚めるような爽快感が得られます。トップの刺激は強めかつ男性的な印象ですが、尖った感じはすぐにおさまりすぐにクラシカルなハーブの芳香に。ラベンダーを軸にほのかなウッディテイストも加えられているため、なんとも知性的な雰囲気があります。ラストノートは「高級なラベンダー石鹸」を思わせる優しい香り。オフィスシーンにもぴったりマッチする、男女問わずおすすめのコロンです♪	
S100		グッチの「ギルティ プールオム」は、甘さと爽やかさを同時に楽しめるアロマティックフゼアフレグランスです。「フゼアノート」はメンズ用フレグランスによく用いられる香調で、土気を帯びた青く渋いハーバル調の香り。ギルティプールオムの場合、フゼアを構成しているのはラベンダー・パチョリ・シダーです。キリッとしたラベンダーにネロリやオレンジフラワーの甘く爽やかさが加わり、大人のセクシーな香りに。グッチの中ではモダン&ライトなメンズフレグランスなので、女性にも愛用者が多いようです。時間が経ちパチョリ&シダーウッドの落ち着いた香りが強まると、グッチらしい重厚感が顔を出します。ワンプッシュでしっかり香るため、下半身への使用がおすすめです。	